{"cameraMode":{"drawMode":0,"name":"Shaded","section":"Shading Mode"},"sceneLighting":false,"audioPlay":false,"sceneViewState":{"showFog":true,"showMaterialUpdate":false,"showSkybox":true,"showFlares":true,"showImageEffects":true,"showParticleSystems":true},"in2DMode":false,"pivot":{"x":-324.3907775878906,"y":-40.92764663696289,"z":647.2401733398438},"rotation":{"x":-0.02799604833126068,"y":0.23557859659194947,"z":-0.006788007915019989,"w":-0.9714282751083374},"size":771.922607421875,"orthographic":false}